No,car_type
1,SVW7180CEi
2,SVW7180CEi
3,SGM7252GL
4,SVW7182HFi
5,SVW7182CQi
6,SVW7182LFi
7,SGM6521ATA
8,SVW72010EJ
9,SCT6700RZB53L
10,DFL7162ACC
11,3C4PFABB
12,YQZ7204A
13,HKL6600Q
14,CSA7200ACV
15,SGM6521ATA
16,SGM6521ATA
17,SGM7247ATA
18,SCT6700RZB53L
19,SGM6529ATA
20,FV7241FCVTG
21,JX6593D-M
22,GFA7140AEAA
23,SGM7247ATA
24,SGM6529ATA
25,DFL7163AC
26,CSA7154TDPHEV
27,KLQ6856E3
28,SVW7183FJi
29,SH6530
30,SGM6521ATA
31,SGM6521ATA
32,SGM7247ATA
33,GZ6701W1
34,EQ7250AC
35,SGM6521ATA
36,HKL6600Q
37,CSA7250AA-DL
38,JX6593D2-H
39,YQZ7204A
40,SC6418HV4
41,CSA7154TDPHEV
42,JX6593D2-H
43,SGM6521ATA
44,JTEGD54M
45,SGM6521ATA
46,SVW6451BED
47,JX6477D-M
48,SGM6521ATA
49,SGM6529ATA
50,GZ6107F
51,SVW7183LJi
52,SGM7243ATA
53,SGM6521ATA
54,CSA7155TDPHEV
55,SCT6700RZB54L
56,SGM7306ATA
57,SGM6521ATA
58,NJ6593ER6
59,SGM6517GL8
60,JTEGD34M057
61,SGM6521ATA
62,SGM6520ATA
63,SH6530G4
64,1J8GC48K
65,CSA7154TDPHEV
66,GFA7140AEAA
67,SCT6700RZB53L
68,SGM6521ATA
69,FV7251BBCBG
70,DFL7162ACC
71,SGM7202SL
72,SGM7306ATA
73,YQZ7204A
74,3C4PFABB
75,GTM7240GB
76,SGM6529ATA
77,SGM6520ATA
78,KLQ6896E3
79,SGM7243ATA
80,SVW71612NS
81,HKL6540E4
82,DFL7163AC
83,JX6593D-M
84,TV7251RoyalNAVi
85,SVW71810DJ
86,SGM6520ATA
87,SGM6521ATA
88,KPD6612733P
89,CSA7250AB-GD
90,EQ7202BA
91,A6L2.4CVT
92,SGM6529ATA
93,DFL7162ACC
94,SVW7183LJi
95,GFA7140AEAA
96,SCT6700RZB53L
97,SGM6521ATA
98,JX6477D-M
99,KLQ6856E3
100,NJ6593ER6
101,SGM6521ATA
102,SGM6520ATA
103,SGM6521ATA
104,SGM7247ATA
105,SGM6521ATA
106,SCT6700RZB53L
107,GFA7140AEAA
108,DFL7163AC
109,SGM6510GL8
110,DFL7162ACC
111,JX6593D-M
112,SGM6521ATA
113,FA6501
114,SGM6529ATA
115,SGM6531ATA
116,SGM6520ATA
117,SGM6521ATA
118,SGM6529ATA
119,SVW71810DJ
120,SY6513W1S3BH
121,CAF6480A1
122,SH6530G4
123,SGM7247ATA
124,SGM6520ATA
125,NJ6593ER6
126,GZ6107F
127,SGM6521ATA
128,FV7187TFATG
129,SGM7187ATA
130,SGM6527AT
131,SGM6520ATA
132,SGM6529ATA
133,SVW71810HJ
134,SGM6521ATA
135,CAF7180B48
136,JX6593D2H
137,DFL7162ACC
138,SGM6521ATA
139,SY6513W1S3BH
140,SCT6700RZB53L
141,SVW6451MED
142,SGM6520ATA
143,CSA7180MC
144,FV7207TFATG
145,SGM6531ATA
146,SGM6520ATA
147,SGM6521ATA
148,SVW72010EJ
149,CAF7201A4
150,GZ6107F
151,SGM6529ATA
152,SY6521M1S3BG
153,CSA7250AA-DL
154,SGM6520ATA
155,SH6530
156,SGM6521ATA
157,FA6501
158,SGM7247ATA
159,SVW71810DJ
160,SGM6530ATA
161,SGM6520ATA
162,SGM6521ATA
163,KLQ6896E3
164,SVW71810DJ
165,SCT6700RZB53L
166,CAF7201A4
167,HFC6500A1F
168,CAF7206A
169,FV7241FCVTG
170,CAF6480A
171,SGM6520ATA
172,SGM6529ATA
173,FV7187TFATG
174,SGM6521ATA
175,SVW7283KKD
176,SGM6527AT
177,SVW7283KKD
178,SY6504KS3BH
179,SGM6521ATA
180,SGM6520ATA
181,SGM6529ATA
182,FV7241FCVTG
183,HKL6540E4
184,SGM7244ATA
185,FV7144LBMBG
186,GFA7140AEBA
187,SGM6515GL8
188,SGM6520UYAA
189,SGM7308ATA
190,SGM6531ATA
191,SGM6521ATA
192,SGM6520ATA
193,JX6641T-N3
194,SGM7247ATA
195,GFA7141AECA
196,SGM6529ATA
197,SGM6521ATA
198,FV7201BACWG
199,DMT5036TJC
200,SH6530G4
201,BJ7302L
202,SGM7206ATA
203,FV7201TFCVTG
204,SGM6520UYAA
205,WVWCJ57N
206,SGM6531ATA
207,SGM6529ATA
208,SGM6520UYAA
209,SGM7247ATA
210,FV7207TDQG
211,SGM6521ATA
212,SGM6520ATA
213,FA6520
214,DMT5036TJC
215,SVW7203UPD
216,SGM6531ATA
217,JX6641T-N3
218,FV7301BEDWG
219,SGM6521ATA
220,SVW72010UJ
221,JTEGS21H
222,SGM7204TATA
223,SGM6529ATA
224,SGM6521ATA
225,SY6548G9Z3BH
226,SGM7308ATA
227,FV7144TFG
228,SGM6531ATA
229,SVW71612TS
230,SGM6529ATA
231,FV7201BACWG
232,GFA7140AEBA
233,SGM6521ATA
234,SGM7309ATA
235,SVW71810HJ
236,SGM6520ATA
237,SGM6531ATA
238,SGM7200
239,SGM6521ATA
240,SVW71810HJ
241,SGM6529ATA
242,FV7201BACWG
243,SGM7246ATA
244,FV7144TFG
245,SGM6520UYAA
246,SY6513W1S3BH
247,SGM6521ATA
248,WDDNG5EB
249,SGM6529ATA
250,SGM7309ATA
251,SVW71810HJ
252,SGM6531ATA
253,SGM6529ATA
254,SVW71810TJ
255,SGM6521ATA
256,JTHBW1GG
257,SGM6520ATA
258,HKL6540E4
259,SGM7240EYAA
260,WBAUD310
261,JTFSX23P476
262,FV7201BACWG
263,GFA7141AECA
264,JX6593D-M
265,SGM6521ATA
266,SVW71612TS
267,SGM6530ATA
268,SGM6521ATA
269,SGM6529ATA
270,FV7201TCVT
271,SGM6531ATA
272,SVW71810DJ
273,SGM6520UYAA
274,SGM6521ATA
275,WDDFH3DB
276,NJ6484CCM
277,SVW71612NS
278,SGM6521ATA
279,TV7253Roya1S1n5
280,SGM7204TATA
281,FV7144LBMBG
282,SGM6530ATA
283,SGM6521ATA
284,SH6491B1G5
285,SGM6520ATA
286,1C4PJMDB
287,SGM6529ATA
288,GFA7141AECA
289,SGM7200EYA1
290,FV7201BACWG
291,SGM6529ATA
292,SVW71612TS
293,SGM6521ATA
294,SGM6530ATA
295,CSA7180AB-DL
296,SVW7182CQi
297,SGM7187MTA
298,SGM6521ATA
299,SGM6529ATA
300,SVW71612CS
301,SGM7204TATA
302,SY6513W1S3BH
303,SGM6530ATA
304,SGM6521ATA
305,JX6641T-N3
306,CAF7208A
307,GFA7140AEAA
308,SVW7189UJD
309,SGM6531ATA
310,FV7251BBCWG
311,SGM6521ATA
312,SGM6529ATA
313,SY6548G9Z3BH
314,SGM7244ATA
315,JTHGM46F
316,SGM6527AT
317,3C49FABB
318,SGM6530ATA
319,SVW7167KMD
320,SGM6521ATA
321,FV7201BACWG
322,SVW7189BJD
323,CAF6480A1
324,SGM6531ATA
325,SGM6521ATA
326,SGM6529ATA
327,FV7251BBCWG
328,SGM7300EYAA
329,SH6530G4
330,FV7186TATG
331,SVW7167KMD
332,SGM6531ATA
333,SGM6521ATA
334,FV7201BACWG
335,1C4PJMDB
336,SGM6529ATA
337,JX6546DE-M
338,SGM6521ATA
339,SGM6531ATA
340,SGM6521ATA
341,WDCCB5EE
342,SGM6529ATA
343,SGM6521ATA
344,WVWCJ57N
345,SY6513US3BH
346,GFA7140AEBA
347,SGM6529ATA
348,FV7201BACWG
349,GTM7201RS
350,SGM6530ATA
351,SVW71612NS
352,SGM6531ATA
353,SVW7182DQi
354,SVW7183LJi
355,SGM6521ATA
356,FV7201BACWG
357,SGM6520ATA
358,SGM6529ATA
359,SVW71612RS
360,SY6513US3BH
361,SGM7150ATA
362,SGM6521ATA
363,SVW7189UJD
364,HFC6500A1F
365,SGM6527AT
366,SGM6521ATA
367,SVW71612TS
368,EQ7250AC
369,SGM6521ATA
370,SVW6451UFD
371,SGM6520ATA
372,SY6548G9Z3BH
373,SGM6529ATA
374,CSA7151AC
375,SGM6521ATA
376,SVW71612CS
377,SGM7247ATA
378,FV7251BBCWG
379,NJ6593ER6
380,WVWPR13C
381,SVW7189BJD
382,CAF7200BB
383,SGM6521ATA
384,SVW71612TS
385,SGM6521ATA
386,FV7251BBCWG
387,SGM6529ATA
388,SY6513W1S3BH
389,SGM6521ATA
390,FV7164AT
391,SGM6530ATA
392,GFA7140AEBA
393,NJ6593ER6
394,SGM7205ATA
395,JTEGD54M
396,SGM6529ATA
397,JX6593D2-H
398,FV7251BBCWG
399,SVW71612TS
400,SGM6521ATA
401,SGM6521ATA
402,SGM6529ATA
403,SY6548G9Z3BH
404,JTEGS21H
405,SGM7300EYAA
406,SGM6530ATA
407,SGM7247ATA
408,SGM6521ATA
409,SH6531B3G5-N
410,FV7251BBCWG
411,SVW71612TS
412,HG6481BBAN
413,SGM6521ATA
414,SGM6521ATA
415,SVW7186CJD
416,FV7201BACWG
417,SGM6529ATA
418,SY6513US3BH
419,SGM6521ATA
420,SVW72010KJ
421,SGM6530ATA
422,CSA7151AC
423,NJ6593ER6
424,SGM6530ATA
425,JTEGD54M
426,SGM7247ATA
427,FV7251BBCWG
428,SGM6531ATA
429,SGM6521ATA
430,SVW71810DJ
431,FV7201BACWG
432,SGM6527AT
433,SY6513W1S3BH
434,SGM6521ATA
435,GFA7141AECA
436,SVW7183LJi
437,2C4PC1GG
438,SGM7281ATA
439,JX6593D-M
440,SGM6521ATA
441,BMW7201LL(BMW525Li)
442,YQZ7204A
443,SGM6531ATA
444,SGM6521ATA
445,FV6461HBQBG
446,SGM6520ATA
447,2C4PC1GG
448,JX6593D2-H
449,JTEGD54M
450,GFA7141AECA
451,SGM6531ATA
452,FV7251BBCWG
453,SGM6521ATA
454,SVW71612TS
455,TV7253Roya1NAV15
456,SGM6530ATA
457,SGM6531ATA
458,SVW7183FJi
459,SGM6529ATA
460,SGM6521ATA
461,SVW71810HJ
462,SGM6520ATA
463,SGM6529ATA
464,JX6491TA-M3
465,SGM6521ATA
466,HG7230
467,CAF6480A
468,JTEGD54M
469,SGM7165ATB
470,SVW6451TED
471,NJ6593ER6
472,FV7251BBCWG
473,SGM6529ATA
474,SGM6531ATA
475,SGM6529ATA
476,SGM6521ATA
477,SVW71810DJ
478,SGM6520ATA
479,SVW71613TS
480,SGM6529ATA
481,JX6600D-M
482,SGM6521ATA
483,CAF7200A42
484,FV7201BACWG
485,SGM7150ATA
486,SVW71810HJ
487,BMW7301LL(BMW530Li)
488,SGM6520UAAA
489,GTM6481ASLS
490,SGM6529ATA
491,SGM6531ATA
492,SGM6529ATA
493,SGM6521ATA
494,SVW71810HJ
495,SVW7161STS
496,SGM7150ATA
497,SGM6529ATA
498,JX6593D2-H
499,SGM6521ATA
500,SVW7186CJD
501,WAURGB4H
502,SVW71810HJ
503,SGM6531UAAA
504,1C4PJMDB
505,SGM6520ATA
506,FV7201BAMBG
507,SGM6529ATA
508,SGM6531ATA
509,SGM6529ATA
510,SGM6521ATA
511,FV7251BBCWG
512,SVW71612CS
513,SGM6531ATA
514,FA6501
515,JX6593D2-H
516,SGM6529ATA
517,SVW72010KJ
518,GFA7140BKCB
519,JTEGD21H
520,FV7201BACWG
521,HG6481BBAN
522,SVW71810HJ
523,SGM6520ATA
524,SGM6529ATA
525,SGM6531ATA
